{"cameraMode":{"drawMode":0,"name":"Shaded","section":"Shading Mode"},"sceneLighting":true,"audioPlay":false,"sceneViewState":{"showFog":true,"showMaterialUpdate":false,"showSkybox":true,"showFlares":true,"showImageEffects":true,"showParticleSystems":true},"in2DMode":false,"pivot":{"x":0.1697368621826172,"y":-0.055863380432128909,"z":-0.3054523468017578},"rotation":{"x":0.08394429832696915,"y":-0.9033005833625794,"z":0.2070380002260208,"w":0.36624693870544436},"size":29.296037673950197,"orthographic":false}